Product Management,0.117004680187
Auditing,0.192307692307
Marketing,0.107287449392
Legal,0.151125401929
Sales,0.123362445414
Services,0.119810201660
Engineering,0.124738259048
Training,0.128250591016
Support,0.123689727463
Human Resources,0.124515771997
Research and Development,0.123616236162
Accounting,0.120312031203
Business Development,0.110231425091
